{"0.5": 0.005000000000000001, "1.5": 0.6400000000000002, "2.5": 0.7850000000000005, "3.5": 0.7550000000000006, "4.5": 0.915, "5.5": 0.9150000000000003, "6.5": 0.9150000000000003, "7.5": 0.9549999999999998, "8.5": 0.93, "9.5": 0.9250000000000002}