{"0.5": 0.0, "1.5": 0.6350000000000001, "2.5": 0.8100000000000005, "3.5": 0.7800000000000004, "4.5": 0.8699999999999999, "5.5": 0.8949999999999999, "6.5": 0.8949999999999999, "7.5": 0.9100000000000001, "8.5": 0.9249999999999998, "9.5": 0.93}