{"0.5": 0.0, "1.5": 0.030000000000000006, "2.5": 0.7600000000000003, "3.5": 0.7900000000000005, "4.5": 0.8800000000000001, "5.5": 0.9099999999999999, "6.5": 0.93, "7.5": 0.9150000000000003, "8.5": 0.9200000000000003, "9.5": 0.9550000000000001}