{"0.5": 0.0, "1.5": 0.034999999999999996, "2.5": 0.7750000000000004, "3.5": 0.8250000000000004, "4.5": 0.8999999999999998, "5.5": 0.9149999999999998, "6.5": 0.8800000000000002, "7.5": 0.93, "8.5": 0.9, "9.5": 0.915}